music/AA-playlist/Annie Lennox - Little Bird (2).flac	30	A	music/AA-playlist/Annie Lennox - Little Bird.flac
music/AA-playlist/The Prodigy - Smack My Bitch Up (Edit) (2).flac	33	A	music/AA-playlist/The Prodigy - Smack My Bitch Up (Edit).flac
music/AA-playlist/The Police - So Lonely (2).flac	29	A	music/AA-playlist/The Police - So Lonely.flac
music/AA-playlist/Dave Brubeck - Take Five (2).flac	70	A	music/AA-playlist/Dave Brubeck - Take Five.flac
music/P!nk/P!nk - Try.mp3	10	B	music/P!nk/P!nk - Try.flac
music/Golden Era Mix(LAC)/B.o.B - Airplanes (feat. Hayley Williams of Paramore).flac	20	A	music/Golden Era Mix(LAC)/B.o.B - Airplanes (feat. Hayley Williams).flac
music/AA-playlist/The Temper Trap - Sweet Disposition (2).flac	28	A	music/AA-playlist/The Temper Trap - Sweet Disposition.flac
music/AA-playlist/Tyga - Taste (2).flac	24	A	music/AA-playlist/Tyga - Taste.flac
music/AA-playlist/Boston Pops Orchestra - Vangelis_ Chariots Of Fire_ Main Theme (2).flac	21	A	music/AA-playlist/Boston Pops Orchestra - Vangelis_ Chariots Of Fire_ Main Theme.flac
music/AA-playlist/Jon Anderson - I'll Find My Way Home (2).flac	27	A	music/AA-playlist/Jon Anderson - I'll Find My Way Home.flac
music/AA-playlist/Johnny Nash - I Can See Clearly Now (3).flac	16	A	music/AA-playlist/Johnny Nash - I Can See Clearly Now.flac
music/AA-playlist/Johnny Nash - I Can See Clearly Now (2).flac	16	A	music/AA-playlist/Johnny Nash - I Can See Clearly Now.flac
music/AA-playlist/Johnny Nash - I Can See Clearly Now (4).flac	16	A	music/AA-playlist/Johnny Nash - I Can See Clearly Now.flac
music/Unknown artist/Singles/diamonds x hoodtrap remix (1).mp3	2	B	music/Unknown artist/Singles/diamonds x hoodtrap remix.m4a
music/Eminem/Eminem - Lose Yourself.flac	33	D	music/Eminem/Curtain Call - The Hits (2005)/Eminem - Curtain Call - The Hits - 06 - Lose Yourself.flac
music/Ella Langley/Ella Langley - Be Her.flac	25	D	music/Ella Langley/Dandelion (2026)/Ella Langley - Dandelion - 06 - Be Her.flac
music/Ella Langley/Ella Langley - Choosin' Texas.flac	25	D	music/Ella Langley/Dandelion (2026)/Ella Langley - Dandelion - 03 - Choosin' Texas.flac
music/Metallica/Metallica - Enter Sandman.flac	37	D	music/Metallica/Metallica (1991)/Digital Media 01/Metallica - Metallica - 01 - Enter Sandman.flac
music/Rick Astley/Rick Astley - Never Gonna Give You Up.mp3	7	D	music/Rick Astley/Whenever You Need Somebody (1987)/Rick Astley - Whenever You Need Somebody - 01 - Never Gonna Give You Up.flac
music/Toto/Toto - Rosanna.mp3	10	D	music/Toto/Toto IV (1982)/Toto - Toto IV - 01 - Rosanna.flac
music/Pitbull, Kesha/Pitbull, Kesha - Timber.flac	27	D	music/Pitbull; Kesha/Timber/Pitbull - Timber.flac
music/Blue Öyster Cult/Blue Öyster Cult - Burnin' for You.flac	31	D	music/Blue Öyster Cult/Fire of Unknown Origin (1981)/Blue Öyster Cult - Fire of Unknown Origin - 02 - Burnin’ for You.flac
music/The Prodigy/The Prodigy - Out of Space.mp3	9	D	music/The Prodigy/Their Law - The Singles 1990–2005 (2005)/The Prodigy - Their Law - The Singles 1990–2005 - 04 - Out of Space.flac
music/Taylor Swift/Taylor Swift - The Fate of Ophelia.flac	25	D	music/Taylor Swift/The Life of a Showgirl (2025)/Taylor Swift - The Life of a Showgirl - 03 - The Fate of Ophelia.flac
music/Kesha/Kesha - Take It Off.flac	25	D	music/Kesha/Animal + Cannibal (2010)/CD 01/Kesha - Animal + Cannibal - 03 - Take It Off.flac
music/Sia/Sia - Unstoppable.flac	26	D	music/Sia/This Is Acting (2016)/Sia - This Is Acting - 05 - Unstoppable.flac
music/Nirvana/Nirvana - Come As You Are.flac	25	D	music/Nirvana/Nevermind (1991)/Nirvana - Nevermind - 03 - Come as You Are.flac
music/Sabrina Carpenter/Sabrina Carpenter - Espresso.mp3	7	D	music/Sabrina Carpenter/Short n’ Sweet (2024)/Sabrina Carpenter - Short n’ Sweet - 07 - Espresso.flac
music/Santana/Santana - Maria Maria (feat. The Product G&B).flac	24	D	music/Santana/Supernatural (1999)/Santana - Supernatural - 07 - Maria Maria.flac
music/Katy Perry/Katy Perry - The One That Got Away.flac	27	D	music/pop(LAC)/07 - Katy Perry - The One That Got Away.flac
music/Sia/Sia - Elastic Heart.flac	31	D	music/Sia/1000 Forms of Fear (2014)/Sia - 1000 Forms of Fear - 08 - Elastic Heart.flac
music/Ella Henderson/Ella Henderson - Alibi (feat. Rudimental).flac	32	D	music/Ella Henderson/Alibi (feat. Rudimental)/01 - Alibi (feat. Rudimental).flac
music/Sia/Sia - Cheap Thrills (feat. Sean Paul).flac	81	D	music/Sia/This Is Acting (2016)/Sia - This Is Acting - 13 - Cheap Thrills.flac
music/black eyed peas  just can't get enough/black eyed peas  just can't get enough - black eyed peas  just can't get enough.m4a	9	D	music/Black Eyed Peas/The Beginning (2010)/Black Eyed Peas - The Beginning - 11 - Just Can’t Get Enough.flac
